{
  "minecraft:recipes/tools/fishing_rod": {
    "criteria": {
      "has_string": "2020-12-13 22:40:23 +0200"
    },
    "done": true
  },
  "minecraft:recipes/combat/bow": {
    "criteria": {
      "has_string": "2020-12-13 22:40:23 +0200"
    },
    "done": true
  },
  "appliedenergistics2:main/cable_glass": {
    "criteria": {
      "certus": "2020-12-13 21:11:39 +0200"
    },
    "done": true
  },
  "appliedenergistics2:main/interface": {
    "criteria": {
      "certus": "2020-12-13 21:15:41 +0200"
    },
    "done": true
  },
  "minecraft:recipes/building_blocks/string_to_wool": {
    "criteria": {
      "has_string": "2020-12-13 22:40:23 +0200"
    },
    "done": true
  },
  "minecraft:nether/get_wither_skull": {
    "criteria": {
      "wither_skull": "2020-12-13 23:09:21 +0200"
    },
    "done": true
  },
  "tombstone:tutorial/root": {
    "criteria": {
      "auto": "2020-12-13 21:08:04 +0200"
    },
    "done": true
  },
  "minecraft:nether/summon_wither": {
    "criteria": {
      "summoned": "2020-12-13 23:10:22 +0200"
    },
    "done": true
  },
  "minecraft:recipes/transportation/dark_oak_boat": {
    "criteria": {
      "entered_water": "2020-12-13 22:34:25 +0200"
    },
    "done": true
  },
  "minecraft:adventure/kill_a_mob": {
    "criteria": {
      "spider": "2020-12-13 22:31:57 +0200"
    },
    "done": true
  },
  "minecraft:adventure/kill_all_mobs": {
    "criteria": {
      "zombie_villager": "2020-12-13 23:11:19 +0200",
      "skeleton": "2020-12-13 22:33:57 +0200",
      "zombie": "2020-12-13 23:05:50 +0200",
      "spider": "2020-12-13 22:31:57 +0200",
      "creeper": "2020-12-13 22:34:17 +0200"
    },
    "done": false
  },
  "appliedenergistics2:main/controller": {
    "criteria": {
      "certus": "2020-12-13 21:10:58 +0200"
    },
    "done": true
  },
  "appliedenergistics2:main/crafting_terminal": {
    "criteria": {
      "certus": "2020-12-13 21:11:55 +0200"
    },
    "done": true
  },
  "minecraft:recipes/misc/beacon": {
    "criteria": {
      "has_nether_star": "2020-12-13 23:11:02 +0200"
    },
    "done": true
  },
  "minecraft:recipes/redstone/tripwire_hook": {
    "criteria": {
      "has_string": "2020-12-13 22:40:23 +0200"
    },
    "done": true
  },
  "minecraft:adventure/adventuring_time": {
    "criteria": {
      "deep_ocean": "2020-12-13 22:58:05 +0200",
      "beaches": "2020-12-13 21:10:16 +0200",
      "desert_hills": "2020-12-13 22:35:05 +0200",
      "savanna": "2020-12-13 21:08:04 +0200",
      "plains": "2020-12-13 22:57:51 +0200",
      "savanna_rock": "2020-12-13 22:29:42 +0200",
      "ocean": "2020-12-13 22:24:51 +0200",
      "river": "2020-12-13 22:32:01 +0200",
      "desert": "2020-12-13 22:35:09 +0200"
    },
    "done": false
  },
  "minecraft:husbandry/root": {
    "criteria": {
      "consumed_item": "2020-12-13 22:31:11 +0200"
    },
    "done": true
  },
  "minecraft:recipes/decorations/chest": {
    "criteria": {
      "has_lots_of_items": "2020-12-13 21:24:09 +0200"
    },
    "done": true
  },
  "minecraft:recipes/transportation/birch_boat": {
    "criteria": {
      "entered_water": "2020-12-13 22:34:25 +0200"
    },
    "done": true
  },
  "minecraft:recipes/transportation/acacia_boat": {
    "criteria": {
      "entered_water": "2020-12-13 22:34:25 +0200"
    },
    "done": true
  },
  "appliedenergistics2:main/storage_cell": {
    "criteria": {
      "c64k": "2020-12-13 21:42:24 +0200"
    },
    "done": true
  },
  "appliedenergistics2:main/network1": {
    "criteria": {
      "cable": "2020-12-13 22:01:13 +0200"
    },
    "done": true
  },
  "minecraft:adventure/root": {
    "criteria": {
      "killed_something": "2020-12-13 22:31:57 +0200"
    },
    "done": true
  },
  "minecraft:recipes/transportation/boat": {
    "criteria": {
      "entered_water": "2020-12-13 22:34:25 +0200"
    },
    "done": true
  },
  "appliedenergistics2:main/crafting_cpu": {
    "criteria": {
      "c64k": "2020-12-13 21:15:54 +0200"
    },
    "done": true
  },
  "minecraft:recipes/transportation/jungle_boat": {
    "criteria": {
      "entered_water": "2020-12-13 22:34:25 +0200"
    },
    "done": true
  },
  "minecraft:recipes/transportation/spruce_boat": {
    "criteria": {
      "entered_water": "2020-12-13 22:34:25 +0200"
    },
    "done": true
  }
}