{"stat.useItem.torcherino.blockdoublecompressedtorcherino":3,"stat.flyOneCm":16341,"stat.ae2.ItemsInserted":1712,"stat.pickup.packagedexcrafting.ultimate_crafter":1,"stat.walkOneCm":64793,"stat.jump":132,"stat.playOneMinute":60998,"stat.fallOneCm":418,"stat.pickup.packagedauto.recipe_holder":3,"stat.pickup.packagedauto.package":17,"stat.useItem.appliedenergistics2.part":31,"stat.leaveGame":1,"stat.sneakTime":418,"stat.crouchOneCm":259,"stat.timeSinceDeath":60998,"stat.ae2.ItemsExtracted":71,"stat.sprintOneCm":10244,"stat.useItem.minecraft.stone_slab2":66}