{
  "appliedenergistics2:main/controller": {
    "criteria": {
      "certus": "2020-12-13 21:10:58 +0200"
    },
    "done": true
  },
  "appliedenergistics2:main/crafting_terminal": {
    "criteria": {
      "certus": "2020-12-13 21:11:55 +0200"
    },
    "done": true
  },
  "appliedenergistics2:main/cable_glass": {
    "criteria": {
      "certus": "2020-12-13 21:11:39 +0200"
    },
    "done": true
  },
  "appliedenergistics2:main/interface": {
    "criteria": {
      "certus": "2020-12-13 21:15:41 +0200"
    },
    "done": true
  },
  "tombstone:tutorial/root": {
    "criteria": {
      "auto": "2020-12-13 21:08:04 +0200"
    },
    "done": true
  },
  "appliedenergistics2:main/storage_cell": {
    "criteria": {
      "c64k": "2020-12-13 21:42:24 +0200"
    },
    "done": true
  },
  "appliedenergistics2:main/network1": {
    "criteria": {
      "cable": "2020-12-13 22:01:13 +0200"
    },
    "done": true
  },
  "minecraft:recipes/decorations/chest": {
    "criteria": {
      "has_lots_of_items": "2020-12-13 21:24:09 +0200"
    },
    "done": true
  },
  "appliedenergistics2:main/crafting_cpu": {
    "criteria": {
      "c64k": "2020-12-13 21:15:54 +0200"
    },
    "done": true
  },
  "minecraft:adventure/adventuring_time": {
    "criteria": {
      "beaches": "2020-12-13 21:10:16 +0200",
      "savanna": "2020-12-13 21:08:04 +0200"
    },
    "done": false
  }
}