{
  "minecraft:recipes/transportation/acacia_boat": {
    "criteria": {
      "entered_water": "2020-12-13 15:29:01 +0200"
    },
    "done": true
  },
  "tombstone:tutorial/root": {
    "criteria": {
      "auto": "2020-12-13 15:26:44 +0200"
    },
    "done": true
  },
  "minecraft:recipes/transportation/dark_oak_boat": {
    "criteria": {
      "entered_water": "2020-12-13 15:29:01 +0200"
    },
    "done": true
  },
  "minecraft:recipes/transportation/birch_boat": {
    "criteria": {
      "entered_water": "2020-12-13 15:29:01 +0200"
    },
    "done": true
  },
  "minecraft:recipes/transportation/boat": {
    "criteria": {
      "entered_water": "2020-12-13 15:29:01 +0200"
    },
    "done": true
  },
  "minecraft:recipes/transportation/jungle_boat": {
    "criteria": {
      "entered_water": "2020-12-13 15:29:01 +0200"
    },
    "done": true
  },
  "minecraft:recipes/transportation/spruce_boat": {
    "criteria": {
      "entered_water": "2020-12-13 15:29:01 +0200"
    },
    "done": true
  },
  "minecraft:adventure/adventuring_time": {
    "criteria": {
      "forest": "2020-12-13 15:26:44 +0200",
      "deep_ocean": "2020-12-13 15:37:49 +0200",
      "beaches": "2020-12-13 15:29:00 +0200",
      "forest_hills": "2020-12-13 15:27:21 +0200",
      "ocean": "2020-12-13 15:37:48 +0200",
      "river": "2020-12-13 15:26:55 +0200"
    },
    "done": false
  }
}