{"stat.chestOpened":7,"stat.useItem.minecraft.splash_potion":2,"stat.leaveGame":4,"stat.useItem.minecraft.potion":1,"stat.jump":479,"stat.swimOneCm":465,"stat.fallOneCm":1256,"stat.crouchOneCm":708,"stat.ae2.ItemsExtracted":71,"stat.useItem.minecraft.stone_slab2":113,"stat.useItem.torcherino.blockdoublecompressedtorcherino":3,"stat.pickup.packagedauto.recipe_holder":3,"stat.pickup.supersticksword.supersticksword":2,"stat.drop.minecraft.nether_star":2,"stat.flyOneCm":358904,"stat.pickup.packagedauto.package":17,"stat.damageDealt":4634,"stat.drop.supersticksword.supersticksword":2,"stat.timeSinceDeath":101828,"stat.killEntity.Cow":5,"stat.mineBlock.minecraft.dirt":1,"stat.useItem.minecraft.spawn_egg":7,"stat.killEntity.Pig":11,"stat.walkOneCm":120669,"stat.useItem.supersticksword.supersticksword":18,"stat.killEntity.ZombieVillager":1,"stat.killEntity.Creeper":3,"stat.pickup.minecraft.string":1,"stat.ae2.ItemsInserted":1712,"stat.pickup.minecraft.nether_star":2,"stat.useItem.lostpowers.ender_staff":11,"stat.sprintOneCm":69168,"stat.pickup.improvableskills.scroll_normal":1,"stat.killEntity.Skeleton":5,"stat.pickup.packagedexcrafting.ultimate_crafter":1,"stat.drop.thaumadditions.mithminite_scythe":2,"stat.killEntity.Chicken":2,"stat.killEntity.Spider":2,"stat.mobKills":33,"stat.drop":6,"stat.playOneMinute":101828,"stat.useItem.appliedenergistics2.part":31,"stat.sneakTime":734,"stat.pickup.thaumadditions.mithminite_scythe":2,"stat.killEntity.Zombie":2,"stat.mineBlock.minecraft.tallgrass":34}