{"stat.chestOpened":2,"stat.walkOneCm":37900,"stat.useItem.extendedcrafting.recipe_maker":1,"stat.leaveGame":14,"stat.mineBlock.minecraft.double_plant":3,"stat.useItem.supersticksword.supersticksword":1,"stat.useItem.minecraft.diamond_sword":33,"stat.talkedToVillager":1,"stat.jump":192,"stat.swimOneCm":494,"stat.fallOneCm":627,"stat.pickup.minecraft.porkchop":2,"stat.entityKilledBy.CaveSpider":1,"stat.crouchOneCm":42,"stat.pickup.minecraft.nether_star":65,"stat.sprintOneCm":24428,"stat.useItem.minecraft.stone_slab2":63,"stat.pickup.torcherino.blockcompressedtorcherino":1,"stat.pickup.extendedcrafting.material":1,"stat.useItem.minecraft.flint_and_steel":25,"stat.damageTaken":170,"stat.useItem.minecraft.ender_eye":1,"stat.useItem.minecraft.wooden_shovel":26,"stat.mobKills":2,"stat.pickup.minecraft.ender_eye":64,"stat.drop.minecraft.nether_star":1,"stat.killEntity.CaveSpider":1,"stat.flyOneCm":132104,"stat.deaths":1,"stat.drop":2,"stat.mineBlock.minecraft.leaves":1,"stat.playOneMinute":218555,"stat.drop.tombstone.grave_key":1,"stat.sneakTime":320,"stat.damageDealt":336,"stat.pickup.thaumcraft.thaumonomicon":1,"stat.timeSinceDeath":203943,"stat.mineBlock.minecraft.dirt":49,"stat.killEntity.Pig":1,"stat.mineBlock.minecraft.tallgrass":1,"stat.diveOneCm":1017}