{"stat.chestOpened":2,"stat.useItem.extendedcrafting.recipe_maker":1,"stat.killEntity.BrainyZombie":4,"stat.leaveGame":18,"stat.useItem.minecraft.diamond_sword":33,"stat.useItem.thaumadditions.void_elemental_axe":2,"stat.jump":267,"stat.swimOneCm":586,"stat.fallOneCm":627,"stat.pickup.minecraft.porkchop":2,"stat.entityKilledBy.CaveSpider":1,"stat.crouchOneCm":138,"stat.useItem.minecraft.stone_slab2":65,"stat.killEntity.GiantBrainyZombie":1,"stat.useItem.thaumadditions.adaminite_sword":6,"stat.damageTaken":269,"stat.pickup.minecraft.ender_eye":64,"stat.drop.minecraft.nether_star":1,"stat.killEntity.CaveSpider":1,"stat.flyOneCm":252009,"stat.damageDealt":1117,"stat.timeSinceDeath":233262,"stat.useItem.thaumadditions.void_elemental_pickaxe":6,"stat.mineBlock.minecraft.dirt":49,"stat.useItem.minecraft.spawn_egg":10,"stat.killEntity.Pig":1,"stat.walkOneCm":63216,"stat.pickup.actuallyadditions.item_worm":1,"stat.mineBlock.minecraft.double_plant":3,"stat.useItem.supersticksword.supersticksword":1,"stat.talkedToVillager":1,"stat.pickup.minecraft.log":16,"stat.pickup.tombstone.crafting_ingredient":2,"stat.pickup.minecraft.nether_star":65,"stat.sprintOneCm":36566,"stat.pickup.torcherino.blockcompressedtorcherino":1,"stat.pickup.extendedcrafting.material":1,"stat.killEntity.Skeleton":1,"stat.useItem.minecraft.flint_and_steel":25,"stat.useItem.thaumadditions.void_elemental_hoe":2,"stat.useItem.minecraft.ender_eye":1,"stat.useItem.minecraft.wooden_shovel":26,"stat.mobKills":19,"stat.mineBlock.minecraft.log":16,"stat.deaths":1,"stat.drop":2,"stat.mineBlock.minecraft.leaves":3,"stat.playOneMinute":247874,"stat.drop.tombstone.grave_key":1,"stat.sneakTime":519,"stat.pickup.thaumcraft.thaumonomicon":1,"stat.killEntity.Zombie":11,"stat.mineBlock.minecraft.stone":6,"stat.mineBlock.minecraft.tallgrass":1,"stat.diveOneCm":1017}